backend,combo,structure_type,conditioning_band,command_share,state_share,baseline_top_edge_overlap_jaccard,watch_reason,evidence_sources
ardupilot,commands_only | actuator_response | lasso_affine | pooled,direct_control,low,1.0000000000000002,0.0,0.6666666666666666,generalized_supported peer outside the primary anchor board; keep as corroborating structure only,/mnt/nvme/autopilot_lab/artifacts/studies/20260414_064902_formal_v2_in_depth_analysis/tables/stable_core_matrix_readout.csv; /mnt/nvme/autopilot_lab/artifacts/studies/20260413_070802_ardupilot_real_generalization_ablation/fits/commands_only__actuator_response__pooled/lasso_affine/matrix_f.csv; /mnt/nvme/autopilot_lab/artifacts/studies/20260413_091420_ardupilot_generalization_diagnostic_matrix/fits/commands_only__actuator_response__pooled/lasso_affine/matrix_f.csv
ardupilot,commands_only | actuator_response | ols_affine | pooled,direct_control,low,1.0,0.0,0.6666666666666666,generalized_supported peer outside the primary anchor board; keep as corroborating structure only,/mnt/nvme/autopilot_lab/artifacts/studies/20260414_064902_formal_v2_in_depth_analysis/tables/stable_core_matrix_readout.csv; /mnt/nvme/autopilot_lab/artifacts/studies/20260413_070802_ardupilot_real_generalization_ablation/fits/commands_only__actuator_response__pooled/ols_affine/matrix_f.csv; /mnt/nvme/autopilot_lab/artifacts/studies/20260413_091420_ardupilot_generalization_diagnostic_matrix/fits/commands_only__actuator_response__pooled/ols_affine/matrix_f.csv
ardupilot,commands_only | future_state_horizon | lasso_affine | pooled,direct_control,low,1.0,0.0,1.0,generalized_supported peer outside the primary anchor board; keep as corroborating structure only,/mnt/nvme/autopilot_lab/artifacts/studies/20260414_064902_formal_v2_in_depth_analysis/tables/stable_core_matrix_readout.csv; /mnt/nvme/autopilot_lab/artifacts/studies/20260413_070802_ardupilot_real_generalization_ablation/fits/commands_only__future_state_horizon__pooled/lasso_affine/matrix_f.csv; /mnt/nvme/autopilot_lab/artifacts/studies/20260413_091420_ardupilot_generalization_diagnostic_matrix/fits/commands_only__future_state_horizon__pooled/lasso_affine/matrix_f.csv
ardupilot,commands_only | future_state_horizon | ols_affine | pooled,direct_control,low,0.9999999999999998,0.0,1.0,generalized_supported peer outside the primary anchor board; keep as corroborating structure only,/mnt/nvme/autopilot_lab/artifacts/studies/20260414_064902_formal_v2_in_depth_analysis/tables/stable_core_matrix_readout.csv; /mnt/nvme/autopilot_lab/artifacts/studies/20260413_070802_ardupilot_real_generalization_ablation/fits/commands_only__future_state_horizon__pooled/ols_affine/matrix_f.csv; /mnt/nvme/autopilot_lab/artifacts/studies/20260413_091420_ardupilot_generalization_diagnostic_matrix/fits/commands_only__future_state_horizon__pooled/ols_affine/matrix_f.csv
ardupilot,commands_only | future_state_horizon | ridge_affine | pooled,direct_control,low,1.0000000000000004,0.0,1.0,generalized_supported peer outside the primary anchor board; keep as corroborating structure only,/mnt/nvme/autopilot_lab/artifacts/studies/20260414_064902_formal_v2_in_depth_analysis/tables/stable_core_matrix_readout.csv; /mnt/nvme/autopilot_lab/artifacts/studies/20260413_070802_ardupilot_real_generalization_ablation/fits/commands_only__future_state_horizon__pooled/ridge_affine/matrix_f.csv; /mnt/nvme/autopilot_lab/artifacts/studies/20260413_091420_ardupilot_generalization_diagnostic_matrix/fits/commands_only__future_state_horizon__pooled/ridge_affine/matrix_f.csv
ardupilot,commands_only | selected_state_subset | lasso_affine | pooled,direct_control,low,1.0,0.0,0.5384615384615384,generalized_supported peer outside the primary anchor board; keep as corroborating structure only,/mnt/nvme/autopilot_lab/artifacts/studies/20260414_064902_formal_v2_in_depth_analysis/tables/stable_core_matrix_readout.csv; /mnt/nvme/autopilot_lab/artifacts/studies/20260413_070802_ardupilot_real_generalization_ablation/fits/commands_only__selected_state_subset__pooled/lasso_affine/matrix_f.csv; /mnt/nvme/autopilot_lab/artifacts/studies/20260413_091420_ardupilot_generalization_diagnostic_matrix/fits/commands_only__selected_state_subset__pooled/lasso_affine/matrix_f.csv
ardupilot,commands_only | selected_state_subset | ols_affine | pooled,direct_control,low,1.0000000000000002,0.0,0.5384615384615384,generalized_supported peer outside the primary anchor board; keep as corroborating structure only,/mnt/nvme/autopilot_lab/artifacts/studies/20260414_064902_formal_v2_in_depth_analysis/tables/stable_core_matrix_readout.csv; /mnt/nvme/autopilot_lab/artifacts/studies/20260413_070802_ardupilot_real_generalization_ablation/fits/commands_only__selected_state_subset__pooled/ols_affine/matrix_f.csv; /mnt/nvme/autopilot_lab/artifacts/studies/20260413_091420_ardupilot_generalization_diagnostic_matrix/fits/commands_only__selected_state_subset__pooled/ols_affine/matrix_f.csv
ardupilot,commands_only | selected_state_subset | ridge_affine | pooled,direct_control,low,1.0,0.0,0.5384615384615384,generalized_supported peer outside the primary anchor board; keep as corroborating structure only,/mnt/nvme/autopilot_lab/artifacts/studies/20260414_064902_formal_v2_in_depth_analysis/tables/stable_core_matrix_readout.csv; /mnt/nvme/autopilot_lab/artifacts/studies/20260413_070802_ardupilot_real_generalization_ablation/fits/commands_only__selected_state_subset__pooled/ridge_affine/matrix_f.csv; /mnt/nvme/autopilot_lab/artifacts/studies/20260413_091420_ardupilot_generalization_diagnostic_matrix/fits/commands_only__selected_state_subset__pooled/ridge_affine/matrix_f.csv
ardupilot,commands_only | window_summary_response | lasso_affine | pooled,direct_control,low,1.0000000000000002,0.0,1.0,generalized_supported peer outside the primary anchor board; keep as corroborating structure only,/mnt/nvme/autopilot_lab/artifacts/studies/20260414_064902_formal_v2_in_depth_analysis/tables/stable_core_matrix_readout.csv; /mnt/nvme/autopilot_lab/artifacts/studies/20260413_070802_ardupilot_real_generalization_ablation/fits/commands_only__window_summary_response__pooled/lasso_affine/matrix_f.csv; /mnt/nvme/autopilot_lab/artifacts/studies/20260413_091420_ardupilot_generalization_diagnostic_matrix/fits/commands_only__window_summary_response__pooled/lasso_affine/matrix_f.csv
ardupilot,commands_only | window_summary_response | ols_affine | pooled,direct_control,low,1.0000000000000002,0.0,1.0,generalized_supported peer outside the primary anchor board; keep as corroborating structure only,/mnt/nvme/autopilot_lab/artifacts/studies/20260414_064902_formal_v2_in_depth_analysis/tables/stable_core_matrix_readout.csv; /mnt/nvme/autopilot_lab/artifacts/studies/20260413_070802_ardupilot_real_generalization_ablation/fits/commands_only__window_summary_response__pooled/ols_affine/matrix_f.csv; /mnt/nvme/autopilot_lab/artifacts/studies/20260413_091420_ardupilot_generalization_diagnostic_matrix/fits/commands_only__window_summary_response__pooled/ols_affine/matrix_f.csv
ardupilot,commands_only | window_summary_response | ridge_affine | pooled,direct_control,low,1.0000000000000002,0.0,1.0,generalized_supported peer outside the primary anchor board; keep as corroborating structure only,/mnt/nvme/autopilot_lab/artifacts/studies/20260414_064902_formal_v2_in_depth_analysis/tables/stable_core_matrix_readout.csv; /mnt/nvme/autopilot_lab/artifacts/studies/20260413_070802_ardupilot_real_generalization_ablation/fits/commands_only__window_summary_response__pooled/ridge_affine/matrix_f.csv; /mnt/nvme/autopilot_lab/artifacts/studies/20260413_091420_ardupilot_generalization_diagnostic_matrix/fits/commands_only__window_summary_response__pooled/ridge_affine/matrix_f.csv
px4,commands_plus_state | future_state_horizon | lasso_affine | pooled,state_continuation,medium,0.0905378857402169,0.909462114259783,1.0,generalized_supported peer outside the primary anchor board; keep as corroborating structure only,/mnt/nvme/autopilot_lab/artifacts/studies/20260414_064902_formal_v2_in_depth_analysis/tables/stable_core_matrix_readout.csv; /mnt/nvme/autopilot_lab/artifacts/studies/20260410_224818_px4_real_generalization_ablation/fits/commands_plus_state__future_state_horizon__pooled/lasso_affine/matrix_f.csv; /mnt/nvme/autopilot_lab/artifacts/studies/20260411_021910_px4_generalization_diagnostic_matrix/fits/commands_plus_state__future_state_horizon__pooled/lasso_affine/matrix_f.csv
px4,commands_plus_state | future_state_horizon | ols_affine | pooled,state_continuation,medium,0.04189859096463253,0.9581014090353673,0.8181818181818182,generalized_supported peer outside the primary anchor board; keep as corroborating structure only,/mnt/nvme/autopilot_lab/artifacts/studies/20260414_064902_formal_v2_in_depth_analysis/tables/stable_core_matrix_readout.csv; /mnt/nvme/autopilot_lab/artifacts/studies/20260410_224818_px4_real_generalization_ablation/fits/commands_plus_state__future_state_horizon__pooled/ols_affine/matrix_f.csv; /mnt/nvme/autopilot_lab/artifacts/studies/20260411_021910_px4_generalization_diagnostic_matrix/fits/commands_plus_state__future_state_horizon__pooled/ols_affine/matrix_f.csv
px4,commands_plus_state | future_state_horizon | ridge_affine | pooled,state_continuation,medium,0.0937712024760042,0.9062287975239959,0.6666666666666666,generalized_supported peer outside the primary anchor board; keep as corroborating structure only,/mnt/nvme/autopilot_lab/artifacts/studies/20260414_064902_formal_v2_in_depth_analysis/tables/stable_core_matrix_readout.csv; /mnt/nvme/autopilot_lab/artifacts/studies/20260410_224818_px4_real_generalization_ablation/fits/commands_plus_state__future_state_horizon__pooled/ridge_affine/matrix_f.csv; /mnt/nvme/autopilot_lab/artifacts/studies/20260411_021910_px4_generalization_diagnostic_matrix/fits/commands_plus_state__future_state_horizon__pooled/ridge_affine/matrix_f.csv
px4,commands_plus_state | next_raw_state | lasso_affine | pooled,state_continuation,medium,0.060860472318237,0.9391395276817628,0.8181818181818182,generalized_supported peer outside the primary anchor board; keep as corroborating structure only,/mnt/nvme/autopilot_lab/artifacts/studies/20260414_064902_formal_v2_in_depth_analysis/tables/stable_core_matrix_readout.csv; /mnt/nvme/autopilot_lab/artifacts/studies/20260410_224818_px4_real_generalization_ablation/fits/commands_plus_state__next_raw_state__pooled/lasso_affine/matrix_f.csv; /mnt/nvme/autopilot_lab/artifacts/studies/20260411_021910_px4_generalization_diagnostic_matrix/fits/commands_plus_state__next_raw_state__pooled/lasso_affine/matrix_f.csv
px4,commands_plus_state | next_raw_state | lasso_affine | stratified,state_continuation,medium,0.1666880069658997,0.8333119930341002,0.5384615384615384,generalized_supported peer outside the primary anchor board; keep as corroborating structure only,/mnt/nvme/autopilot_lab/artifacts/studies/20260414_064902_formal_v2_in_depth_analysis/tables/stable_core_matrix_readout.csv; /mnt/nvme/autopilot_lab/artifacts/studies/20260410_224818_px4_real_generalization_ablation/fits/commands_plus_state__next_raw_state__stratified/lasso_affine/matrix_f.csv; /mnt/nvme/autopilot_lab/artifacts/studies/20260411_021910_px4_generalization_diagnostic_matrix/fits/commands_plus_state__next_raw_state__stratified/lasso_affine/matrix_f.csv
px4,commands_plus_state | next_raw_state | ols_affine | pooled,state_continuation,medium,0.030273475111841523,0.9697265248881584,1.0,generalized_supported peer outside the primary anchor board; keep as corroborating structure only,/mnt/nvme/autopilot_lab/artifacts/studies/20260414_064902_formal_v2_in_depth_analysis/tables/stable_core_matrix_readout.csv; /mnt/nvme/autopilot_lab/artifacts/studies/20260410_224818_px4_real_generalization_ablation/fits/commands_plus_state__next_raw_state__pooled/ols_affine/matrix_f.csv; /mnt/nvme/autopilot_lab/artifacts/studies/20260411_021910_px4_generalization_diagnostic_matrix/fits/commands_plus_state__next_raw_state__pooled/ols_affine/matrix_f.csv
px4,commands_plus_state | next_raw_state | ols_affine | stratified,state_continuation,medium,0.07904445928417389,0.9209555407158263,0.25,generalized_supported peer outside the primary anchor board; keep as corroborating structure only,/mnt/nvme/autopilot_lab/artifacts/studies/20260414_064902_formal_v2_in_depth_analysis/tables/stable_core_matrix_readout.csv; /mnt/nvme/autopilot_lab/artifacts/studies/20260410_224818_px4_real_generalization_ablation/fits/commands_plus_state__next_raw_state__stratified/ols_affine/matrix_f.csv; /mnt/nvme/autopilot_lab/artifacts/studies/20260411_021910_px4_generalization_diagnostic_matrix/fits/commands_plus_state__next_raw_state__stratified/ols_affine/matrix_f.csv
px4,commands_plus_state | next_raw_state | ridge_affine | pooled,state_continuation,medium,0.07307357712368684,0.9269264228763132,0.6666666666666666,generalized_supported peer outside the primary anchor board; keep as corroborating structure only,/mnt/nvme/autopilot_lab/artifacts/studies/20260414_064902_formal_v2_in_depth_analysis/tables/stable_core_matrix_readout.csv; /mnt/nvme/autopilot_lab/artifacts/studies/20260410_224818_px4_real_generalization_ablation/fits/commands_plus_state__next_raw_state__pooled/ridge_affine/matrix_f.csv; /mnt/nvme/autopilot_lab/artifacts/studies/20260411_021910_px4_generalization_diagnostic_matrix/fits/commands_plus_state__next_raw_state__pooled/ridge_affine/matrix_f.csv
px4,commands_plus_state | next_raw_state | ridge_affine | stratified,state_continuation,medium,0.22766359645388257,0.7723364035461175,0.42857142857142855,generalized_supported peer outside the primary anchor board; keep as corroborating structure only,/mnt/nvme/autopilot_lab/artifacts/studies/20260414_064902_formal_v2_in_depth_analysis/tables/stable_core_matrix_readout.csv; /mnt/nvme/autopilot_lab/artifacts/studies/20260410_224818_px4_real_generalization_ablation/fits/commands_plus_state__next_raw_state__stratified/ridge_affine/matrix_f.csv; /mnt/nvme/autopilot_lab/artifacts/studies/20260411_021910_px4_generalization_diagnostic_matrix/fits/commands_plus_state__next_raw_state__stratified/ridge_affine/matrix_f.csv
px4,commands_plus_state | selected_state_subset | lasso_affine | pooled,state_continuation,medium,0.11051328519208954,0.8894867148079103,0.6666666666666666,generalized_supported peer outside the primary anchor board; keep as corroborating structure only,/mnt/nvme/autopilot_lab/artifacts/studies/20260414_064902_formal_v2_in_depth_analysis/tables/stable_core_matrix_readout.csv; /mnt/nvme/autopilot_lab/artifacts/studies/20260410_224818_px4_real_generalization_ablation/fits/commands_plus_state__selected_state_subset__pooled/lasso_affine/matrix_f.csv; /mnt/nvme/autopilot_lab/artifacts/studies/20260411_021910_px4_generalization_diagnostic_matrix/fits/commands_plus_state__selected_state_subset__pooled/lasso_affine/matrix_f.csv
px4,commands_plus_state | selected_state_subset | ols_affine | pooled,state_continuation,medium,0.045057176268243584,0.9549428237317564,0.8181818181818182,generalized_supported peer outside the primary anchor board; keep as corroborating structure only,/mnt/nvme/autopilot_lab/artifacts/studies/20260414_064902_formal_v2_in_depth_analysis/tables/stable_core_matrix_readout.csv; /mnt/nvme/autopilot_lab/artifacts/studies/20260410_224818_px4_real_generalization_ablation/fits/commands_plus_state__selected_state_subset__pooled/ols_affine/matrix_f.csv; /mnt/nvme/autopilot_lab/artifacts/studies/20260411_021910_px4_generalization_diagnostic_matrix/fits/commands_plus_state__selected_state_subset__pooled/ols_affine/matrix_f.csv
px4,commands_plus_state | selected_state_subset | ridge_affine | pooled,state_continuation,medium,0.11393977280548745,0.8860602271945126,0.6666666666666666,generalized_supported peer outside the primary anchor board; keep as corroborating structure only,/mnt/nvme/autopilot_lab/artifacts/studies/20260414_064902_formal_v2_in_depth_analysis/tables/stable_core_matrix_readout.csv; /mnt/nvme/autopilot_lab/artifacts/studies/20260410_224818_px4_real_generalization_ablation/fits/commands_plus_state__selected_state_subset__pooled/ridge_affine/matrix_f.csv; /mnt/nvme/autopilot_lab/artifacts/studies/20260411_021910_px4_generalization_diagnostic_matrix/fits/commands_plus_state__selected_state_subset__pooled/ridge_affine/matrix_f.csv
px4,commands_plus_state | window_summary_response | lasso_affine | pooled,state_continuation,medium,0.10850664057218433,0.8914933594278157,0.8181818181818182,generalized_supported peer outside the primary anchor board; keep as corroborating structure only,/mnt/nvme/autopilot_lab/artifacts/studies/20260414_064902_formal_v2_in_depth_analysis/tables/stable_core_matrix_readout.csv; /mnt/nvme/autopilot_lab/artifacts/studies/20260410_224818_px4_real_generalization_ablation/fits/commands_plus_state__window_summary_response__pooled/lasso_affine/matrix_f.csv; /mnt/nvme/autopilot_lab/artifacts/studies/20260411_021910_px4_generalization_diagnostic_matrix/fits/commands_plus_state__window_summary_response__pooled/lasso_affine/matrix_f.csv
px4,commands_plus_state | window_summary_response | ols_affine | pooled,state_continuation,medium,0.040585215834977206,0.9594147841650231,0.6666666666666666,generalized_supported peer outside the primary anchor board; keep as corroborating structure only,/mnt/nvme/autopilot_lab/artifacts/studies/20260414_064902_formal_v2_in_depth_analysis/tables/stable_core_matrix_readout.csv; /mnt/nvme/autopilot_lab/artifacts/studies/20260410_224818_px4_real_generalization_ablation/fits/commands_plus_state__window_summary_response__pooled/ols_affine/matrix_f.csv; /mnt/nvme/autopilot_lab/artifacts/studies/20260411_021910_px4_generalization_diagnostic_matrix/fits/commands_plus_state__window_summary_response__pooled/ols_affine/matrix_f.csv
px4,commands_plus_state | window_summary_response | ridge_affine | pooled,state_continuation,medium,0.11290451262593412,0.887095487374066,0.8181818181818182,generalized_supported peer outside the primary anchor board; keep as corroborating structure only,/mnt/nvme/autopilot_lab/artifacts/studies/20260414_064902_formal_v2_in_depth_analysis/tables/stable_core_matrix_readout.csv; /mnt/nvme/autopilot_lab/artifacts/studies/20260410_224818_px4_real_generalization_ablation/fits/commands_plus_state__window_summary_response__pooled/ridge_affine/matrix_f.csv; /mnt/nvme/autopilot_lab/artifacts/studies/20260411_021910_px4_generalization_diagnostic_matrix/fits/commands_plus_state__window_summary_response__pooled/ridge_affine/matrix_f.csv
px4,commands_plus_state_history | future_state_horizon | lasso_affine | pooled,state_continuation,medium,0.06912586774538812,0.9308741322546119,0.3333333333333333,generalized_supported peer outside the primary anchor board; keep as corroborating structure only,/mnt/nvme/autopilot_lab/artifacts/studies/20260414_064902_formal_v2_in_depth_analysis/tables/stable_core_matrix_readout.csv; /mnt/nvme/autopilot_lab/artifacts/studies/20260410_224818_px4_real_generalization_ablation/fits/commands_plus_state_history__future_state_horizon__pooled/lasso_affine/matrix_f.csv; /mnt/nvme/autopilot_lab/artifacts/studies/20260411_021910_px4_generalization_diagnostic_matrix/fits/commands_plus_state_history__future_state_horizon__pooled/lasso_affine/matrix_f.csv
px4,commands_plus_state_history | future_state_horizon | ols_affine | pooled,state_continuation,medium,0.03823821156359413,0.9617617884364058,0.3333333333333333,generalized_supported peer outside the primary anchor board; keep as corroborating structure only,/mnt/nvme/autopilot_lab/artifacts/studies/20260414_064902_formal_v2_in_depth_analysis/tables/stable_core_matrix_readout.csv; /mnt/nvme/autopilot_lab/artifacts/studies/20260410_224818_px4_real_generalization_ablation/fits/commands_plus_state_history__future_state_horizon__pooled/ols_affine/matrix_f.csv; /mnt/nvme/autopilot_lab/artifacts/studies/20260411_021910_px4_generalization_diagnostic_matrix/fits/commands_plus_state_history__future_state_horizon__pooled/ols_affine/matrix_f.csv
px4,commands_plus_state_history | future_state_horizon | ols_affine | stratified,state_continuation,medium,0.05476183601709913,0.9452381639829008,0.17647058823529413,generalized_supported peer outside the primary anchor board; keep as corroborating structure only,/mnt/nvme/autopilot_lab/artifacts/studies/20260414_064902_formal_v2_in_depth_analysis/tables/stable_core_matrix_readout.csv; /mnt/nvme/autopilot_lab/artifacts/studies/20260410_224818_px4_real_generalization_ablation/fits/commands_plus_state_history__future_state_horizon__stratified/ols_affine/matrix_f.csv; /mnt/nvme/autopilot_lab/artifacts/studies/20260411_021910_px4_generalization_diagnostic_matrix/fits/commands_plus_state_history__future_state_horizon__stratified/ols_affine/matrix_f.csv
px4,commands_plus_state_history | future_state_horizon | ridge_affine | pooled,state_continuation,medium,0.045212100777579596,0.9547878992224202,0.5384615384615384,generalized_supported peer outside the primary anchor board; keep as corroborating structure only,/mnt/nvme/autopilot_lab/artifacts/studies/20260414_064902_formal_v2_in_depth_analysis/tables/stable_core_matrix_readout.csv; /mnt/nvme/autopilot_lab/artifacts/studies/20260410_224818_px4_real_generalization_ablation/fits/commands_plus_state_history__future_state_horizon__pooled/ridge_affine/matrix_f.csv; /mnt/nvme/autopilot_lab/artifacts/studies/20260411_021910_px4_generalization_diagnostic_matrix/fits/commands_plus_state_history__future_state_horizon__pooled/ridge_affine/matrix_f.csv
px4,commands_plus_state_history | future_state_horizon | ridge_affine | stratified,state_continuation,medium,0.08337639889492571,0.916623601105074,0.5384615384615384,generalized_supported peer outside the primary anchor board; keep as corroborating structure only,/mnt/nvme/autopilot_lab/artifacts/studies/20260414_064902_formal_v2_in_depth_analysis/tables/stable_core_matrix_readout.csv; /mnt/nvme/autopilot_lab/artifacts/studies/20260410_224818_px4_real_generalization_ablation/fits/commands_plus_state_history__future_state_horizon__stratified/ridge_affine/matrix_f.csv; /mnt/nvme/autopilot_lab/artifacts/studies/20260411_021910_px4_generalization_diagnostic_matrix/fits/commands_plus_state_history__future_state_horizon__stratified/ridge_affine/matrix_f.csv
px4,commands_plus_state_history | next_raw_state | lasso_affine | pooled,state_continuation,medium,0.08230823369808041,0.9176917663019197,0.3333333333333333,generalized_supported peer outside the primary anchor board; keep as corroborating structure only,/mnt/nvme/autopilot_lab/artifacts/studies/20260414_064902_formal_v2_in_depth_analysis/tables/stable_core_matrix_readout.csv; /mnt/nvme/autopilot_lab/artifacts/studies/20260410_224818_px4_real_generalization_ablation/fits/commands_plus_state_history__next_raw_state__pooled/lasso_affine/matrix_f.csv; /mnt/nvme/autopilot_lab/artifacts/studies/20260411_021910_px4_generalization_diagnostic_matrix/fits/commands_plus_state_history__next_raw_state__pooled/lasso_affine/matrix_f.csv
px4,commands_plus_state_history | next_raw_state | lasso_affine | stratified,state_continuation,medium,0.12486348544643425,0.8751365145535656,0.0,generalized_supported peer outside the primary anchor board; keep as corroborating structure only,/mnt/nvme/autopilot_lab/artifacts/studies/20260414_064902_formal_v2_in_depth_analysis/tables/stable_core_matrix_readout.csv; /mnt/nvme/autopilot_lab/artifacts/studies/20260410_224818_px4_real_generalization_ablation/fits/commands_plus_state_history__next_raw_state__stratified/lasso_affine/matrix_f.csv; /mnt/nvme/autopilot_lab/artifacts/studies/20260411_021910_px4_generalization_diagnostic_matrix/fits/commands_plus_state_history__next_raw_state__stratified/lasso_affine/matrix_f.csv
px4,commands_plus_state_history | next_raw_state | ols_affine | pooled,state_continuation,medium,0.031927810909923894,0.9680721890900761,0.17647058823529413,generalized_supported peer outside the primary anchor board; keep as corroborating structure only,/mnt/nvme/autopilot_lab/artifacts/studies/20260414_064902_formal_v2_in_depth_analysis/tables/stable_core_matrix_readout.csv; /mnt/nvme/autopilot_lab/artifacts/studies/20260410_224818_px4_real_generalization_ablation/fits/commands_plus_state_history__next_raw_state__pooled/ols_affine/matrix_f.csv; /mnt/nvme/autopilot_lab/artifacts/studies/20260411_021910_px4_generalization_diagnostic_matrix/fits/commands_plus_state_history__next_raw_state__pooled/ols_affine/matrix_f.csv
px4,commands_plus_state_history | next_raw_state | ols_affine | stratified,state_continuation,medium,0.03359693979613793,0.9664030602038621,0.0,generalized_supported peer outside the primary anchor board; keep as corroborating structure only,/mnt/nvme/autopilot_lab/artifacts/studies/20260414_064902_formal_v2_in_depth_analysis/tables/stable_core_matrix_readout.csv; /mnt/nvme/autopilot_lab/artifacts/studies/20260410_224818_px4_real_generalization_ablation/fits/commands_plus_state_history__next_raw_state__stratified/ols_affine/matrix_f.csv; /mnt/nvme/autopilot_lab/artifacts/studies/20260411_021910_px4_generalization_diagnostic_matrix/fits/commands_plus_state_history__next_raw_state__stratified/ols_affine/matrix_f.csv
px4,commands_plus_state_history | next_raw_state | ridge_affine | pooled,state_continuation,medium,0.03813406182387798,0.9618659381761221,0.5384615384615384,generalized_supported peer outside the primary anchor board; keep as corroborating structure only,/mnt/nvme/autopilot_lab/artifacts/studies/20260414_064902_formal_v2_in_depth_analysis/tables/stable_core_matrix_readout.csv; /mnt/nvme/autopilot_lab/artifacts/studies/20260410_224818_px4_real_generalization_ablation/fits/commands_plus_state_history__next_raw_state__pooled/ridge_affine/matrix_f.csv; /mnt/nvme/autopilot_lab/artifacts/studies/20260411_021910_px4_generalization_diagnostic_matrix/fits/commands_plus_state_history__next_raw_state__pooled/ridge_affine/matrix_f.csv
px4,commands_plus_state_history | next_raw_state | ridge_affine | stratified,state_continuation,medium,0.07021044138721258,0.9297895586127874,0.25,generalized_supported peer outside the primary anchor board; keep as corroborating structure only,/mnt/nvme/autopilot_lab/artifacts/studies/20260414_064902_formal_v2_in_depth_analysis/tables/stable_core_matrix_readout.csv; /mnt/nvme/autopilot_lab/artifacts/studies/20260410_224818_px4_real_generalization_ablation/fits/commands_plus_state_history__next_raw_state__stratified/ridge_affine/matrix_f.csv; /mnt/nvme/autopilot_lab/artifacts/studies/20260411_021910_px4_generalization_diagnostic_matrix/fits/commands_plus_state_history__next_raw_state__stratified/ridge_affine/matrix_f.csv
px4,commands_plus_state_history | selected_state_subset | lasso_affine | pooled,state_continuation,medium,0.0707568346036435,0.9292431653963565,0.42857142857142855,generalized_supported peer outside the primary anchor board; keep as corroborating structure only,/mnt/nvme/autopilot_lab/artifacts/studies/20260414_064902_formal_v2_in_depth_analysis/tables/stable_core_matrix_readout.csv; /mnt/nvme/autopilot_lab/artifacts/studies/20260410_224818_px4_real_generalization_ablation/fits/commands_plus_state_history__selected_state_subset__pooled/lasso_affine/matrix_f.csv; /mnt/nvme/autopilot_lab/artifacts/studies/20260411_021910_px4_generalization_diagnostic_matrix/fits/commands_plus_state_history__selected_state_subset__pooled/lasso_affine/matrix_f.csv
px4,commands_plus_state_history | selected_state_subset | ols_affine | pooled,state_continuation,medium,0.03736626176222564,0.9626337382377743,0.25,generalized_supported peer outside the primary anchor board; keep as corroborating structure only,/mnt/nvme/autopilot_lab/artifacts/studies/20260414_064902_formal_v2_in_depth_analysis/tables/stable_core_matrix_readout.csv; /mnt/nvme/autopilot_lab/artifacts/studies/20260410_224818_px4_real_generalization_ablation/fits/commands_plus_state_history__selected_state_subset__pooled/ols_affine/matrix_f.csv; /mnt/nvme/autopilot_lab/artifacts/studies/20260411_021910_px4_generalization_diagnostic_matrix/fits/commands_plus_state_history__selected_state_subset__pooled/ols_affine/matrix_f.csv
px4,commands_plus_state_history | selected_state_subset | ols_affine | stratified,state_continuation,medium,0.0537980834338135,0.9462019165661864,0.25,generalized_supported peer outside the primary anchor board; keep as corroborating structure only,/mnt/nvme/autopilot_lab/artifacts/studies/20260414_064902_formal_v2_in_depth_analysis/tables/stable_core_matrix_readout.csv; /mnt/nvme/autopilot_lab/artifacts/studies/20260410_224818_px4_real_generalization_ablation/fits/commands_plus_state_history__selected_state_subset__stratified/ols_affine/matrix_f.csv; /mnt/nvme/autopilot_lab/artifacts/studies/20260411_021910_px4_generalization_diagnostic_matrix/fits/commands_plus_state_history__selected_state_subset__stratified/ols_affine/matrix_f.csv
px4,commands_plus_state_history | selected_state_subset | ridge_affine | pooled,state_continuation,medium,0.044543541324878026,0.9554564586751217,0.6666666666666666,generalized_supported peer outside the primary anchor board; keep as corroborating structure only,/mnt/nvme/autopilot_lab/artifacts/studies/20260414_064902_formal_v2_in_depth_analysis/tables/stable_core_matrix_readout.csv; /mnt/nvme/autopilot_lab/artifacts/studies/20260410_224818_px4_real_generalization_ablation/fits/commands_plus_state_history__selected_state_subset__pooled/ridge_affine/matrix_f.csv; /mnt/nvme/autopilot_lab/artifacts/studies/20260411_021910_px4_generalization_diagnostic_matrix/fits/commands_plus_state_history__selected_state_subset__pooled/ridge_affine/matrix_f.csv
px4,commands_plus_state_history | selected_state_subset | ridge_affine | stratified,state_continuation,medium,0.08447002997641234,0.9155299700235877,0.42857142857142855,generalized_supported peer outside the primary anchor board; keep as corroborating structure only,/mnt/nvme/autopilot_lab/artifacts/studies/20260414_064902_formal_v2_in_depth_analysis/tables/stable_core_matrix_readout.csv; /mnt/nvme/autopilot_lab/artifacts/studies/20260410_224818_px4_real_generalization_ablation/fits/commands_plus_state_history__selected_state_subset__stratified/ridge_affine/matrix_f.csv; /mnt/nvme/autopilot_lab/artifacts/studies/20260411_021910_px4_generalization_diagnostic_matrix/fits/commands_plus_state_history__selected_state_subset__stratified/ridge_affine/matrix_f.csv
px4,commands_plus_state_history | window_summary_response | lasso_affine | pooled,state_continuation,medium,0.07019087740908012,0.92980912259092,0.3333333333333333,generalized_supported peer outside the primary anchor board; keep as corroborating structure only,/mnt/nvme/autopilot_lab/artifacts/studies/20260414_064902_formal_v2_in_depth_analysis/tables/stable_core_matrix_readout.csv; /mnt/nvme/autopilot_lab/artifacts/studies/20260410_224818_px4_real_generalization_ablation/fits/commands_plus_state_history__window_summary_response__pooled/lasso_affine/matrix_f.csv; /mnt/nvme/autopilot_lab/artifacts/studies/20260411_021910_px4_generalization_diagnostic_matrix/fits/commands_plus_state_history__window_summary_response__pooled/lasso_affine/matrix_f.csv
px4,commands_plus_state_history | window_summary_response | ols_affine | pooled,state_continuation,medium,0.03336080123650888,0.966639198763491,0.42857142857142855,generalized_supported peer outside the primary anchor board; keep as corroborating structure only,/mnt/nvme/autopilot_lab/artifacts/studies/20260414_064902_formal_v2_in_depth_analysis/tables/stable_core_matrix_readout.csv; /mnt/nvme/autopilot_lab/artifacts/studies/20260410_224818_px4_real_generalization_ablation/fits/commands_plus_state_history__window_summary_response__pooled/ols_affine/matrix_f.csv; /mnt/nvme/autopilot_lab/artifacts/studies/20260411_021910_px4_generalization_diagnostic_matrix/fits/commands_plus_state_history__window_summary_response__pooled/ols_affine/matrix_f.csv
px4,commands_plus_state_history | window_summary_response | ridge_affine | pooled,state_continuation,medium,0.04210707655693036,0.9578929234430698,0.6666666666666666,generalized_supported peer outside the primary anchor board; keep as corroborating structure only,/mnt/nvme/autopilot_lab/artifacts/studies/20260414_064902_formal_v2_in_depth_analysis/tables/stable_core_matrix_readout.csv; /mnt/nvme/autopilot_lab/artifacts/studies/20260410_224818_px4_real_generalization_ablation/fits/commands_plus_state_history__window_summary_response__pooled/ridge_affine/matrix_f.csv; /mnt/nvme/autopilot_lab/artifacts/studies/20260411_021910_px4_generalization_diagnostic_matrix/fits/commands_plus_state_history__window_summary_response__pooled/ridge_affine/matrix_f.csv
px4,feature_mapped_linear | future_state_horizon | lasso_affine | pooled,state_continuation,medium,0.4138725553248939,0.5400486307518979,0.0,generalized_supported peer outside the primary anchor board; keep as corroborating structure only,/mnt/nvme/autopilot_lab/artifacts/studies/20260414_064902_formal_v2_in_depth_analysis/tables/stable_core_matrix_readout.csv; /mnt/nvme/autopilot_lab/artifacts/studies/20260410_224818_px4_real_generalization_ablation/fits/feature_mapped_linear__future_state_horizon__pooled/lasso_affine/matrix_f.csv; /mnt/nvme/autopilot_lab/artifacts/studies/20260411_021910_px4_generalization_diagnostic_matrix/fits/feature_mapped_linear__future_state_horizon__pooled/lasso_affine/matrix_f.csv
px4,feature_mapped_linear | future_state_horizon | ols_affine | pooled,state_continuation,medium,0.549794195670462,0.3120437187492788,0.0,generalized_supported peer outside the primary anchor board; keep as corroborating structure only,/mnt/nvme/autopilot_lab/artifacts/studies/20260414_064902_formal_v2_in_depth_analysis/tables/stable_core_matrix_readout.csv; /mnt/nvme/autopilot_lab/artifacts/studies/20260410_224818_px4_real_generalization_ablation/fits/feature_mapped_linear__future_state_horizon__pooled/ols_affine/matrix_f.csv; /mnt/nvme/autopilot_lab/artifacts/studies/20260411_021910_px4_generalization_diagnostic_matrix/fits/feature_mapped_linear__future_state_horizon__pooled/ols_affine/matrix_f.csv
px4,feature_mapped_linear | future_state_horizon | ridge_affine | pooled,state_continuation,medium,0.26966350949653506,0.7131611485599773,0.1111111111111111,generalized_supported peer outside the primary anchor board; keep as corroborating structure only,/mnt/nvme/autopilot_lab/artifacts/studies/20260414_064902_formal_v2_in_depth_analysis/tables/stable_core_matrix_readout.csv; /mnt/nvme/autopilot_lab/artifacts/studies/20260410_224818_px4_real_generalization_ablation/fits/feature_mapped_linear__future_state_horizon__pooled/ridge_affine/matrix_f.csv; /mnt/nvme/autopilot_lab/artifacts/studies/20260411_021910_px4_generalization_diagnostic_matrix/fits/feature_mapped_linear__future_state_horizon__pooled/ridge_affine/matrix_f.csv
px4,feature_mapped_linear | next_raw_state | lasso_affine | pooled,state_continuation,medium,0.5547068391425861,0.3942197234102002,0.0,generalized_supported peer outside the primary anchor board; keep as corroborating structure only,/mnt/nvme/autopilot_lab/artifacts/studies/20260414_064902_formal_v2_in_depth_analysis/tables/stable_core_matrix_readout.csv; /mnt/nvme/autopilot_lab/artifacts/studies/20260410_224818_px4_real_generalization_ablation/fits/feature_mapped_linear__next_raw_state__pooled/lasso_affine/matrix_f.csv; /mnt/nvme/autopilot_lab/artifacts/studies/20260411_021910_px4_generalization_diagnostic_matrix/fits/feature_mapped_linear__next_raw_state__pooled/lasso_affine/matrix_f.csv
px4,feature_mapped_linear | next_raw_state | ols_affine | pooled,state_continuation,medium,0.6415485234853393,0.1848821481317445,0.1111111111111111,generalized_supported peer outside the primary anchor board; keep as corroborating structure only,/mnt/nvme/autopilot_lab/artifacts/studies/20260414_064902_formal_v2_in_depth_analysis/tables/stable_core_matrix_readout.csv; /mnt/nvme/autopilot_lab/artifacts/studies/20260410_224818_px4_real_generalization_ablation/fits/feature_mapped_linear__next_raw_state__pooled/ols_affine/matrix_f.csv; /mnt/nvme/autopilot_lab/artifacts/studies/20260411_021910_px4_generalization_diagnostic_matrix/fits/feature_mapped_linear__next_raw_state__pooled/ols_affine/matrix_f.csv
px4,feature_mapped_linear | next_raw_state | ridge_affine | pooled,state_continuation,medium,0.279995551912054,0.6985953078567168,0.05263157894736842,generalized_supported peer outside the primary anchor board; keep as corroborating structure only,/mnt/nvme/autopilot_lab/artifacts/studies/20260414_064902_formal_v2_in_depth_analysis/tables/stable_core_matrix_readout.csv; /mnt/nvme/autopilot_lab/artifacts/studies/20260410_224818_px4_real_generalization_ablation/fits/feature_mapped_linear__next_raw_state__pooled/ridge_affine/matrix_f.csv; /mnt/nvme/autopilot_lab/artifacts/studies/20260411_021910_px4_generalization_diagnostic_matrix/fits/feature_mapped_linear__next_raw_state__pooled/ridge_affine/matrix_f.csv
px4,feature_mapped_linear | selected_state_subset | lasso_affine | pooled,state_continuation,medium,0.39565119710538,0.5593349433071158,0.1111111111111111,generalized_supported peer outside the primary anchor board; keep as corroborating structure only,/mnt/nvme/autopilot_lab/artifacts/studies/20260414_064902_formal_v2_in_depth_analysis/tables/stable_core_matrix_readout.csv; /mnt/nvme/autopilot_lab/artifacts/studies/20260410_224818_px4_real_generalization_ablation/fits/feature_mapped_linear__selected_state_subset__pooled/lasso_affine/matrix_f.csv; /mnt/nvme/autopilot_lab/artifacts/studies/20260411_021910_px4_generalization_diagnostic_matrix/fits/feature_mapped_linear__selected_state_subset__pooled/lasso_affine/matrix_f.csv
px4,feature_mapped_linear | selected_state_subset | ols_affine | pooled,state_continuation,medium,0.5673010056861142,0.2898072194617013,0.05263157894736842,generalized_supported peer outside the primary anchor board; keep as corroborating structure only,/mnt/nvme/autopilot_lab/artifacts/studies/20260414_064902_formal_v2_in_depth_analysis/tables/stable_core_matrix_readout.csv; /mnt/nvme/autopilot_lab/artifacts/studies/20260410_224818_px4_real_generalization_ablation/fits/feature_mapped_linear__selected_state_subset__pooled/ols_affine/matrix_f.csv; /mnt/nvme/autopilot_lab/artifacts/studies/20260411_021910_px4_generalization_diagnostic_matrix/fits/feature_mapped_linear__selected_state_subset__pooled/ols_affine/matrix_f.csv
px4,feature_mapped_linear | selected_state_subset | ridge_affine | pooled,state_continuation,medium,0.29152183050935604,0.6896416043225689,0.17647058823529413,generalized_supported peer outside the primary anchor board; keep as corroborating structure only,/mnt/nvme/autopilot_lab/artifacts/studies/20260414_064902_formal_v2_in_depth_analysis/tables/stable_core_matrix_readout.csv; /mnt/nvme/autopilot_lab/artifacts/studies/20260410_224818_px4_real_generalization_ablation/fits/feature_mapped_linear__selected_state_subset__pooled/ridge_affine/matrix_f.csv; /mnt/nvme/autopilot_lab/artifacts/studies/20260411_021910_px4_generalization_diagnostic_matrix/fits/feature_mapped_linear__selected_state_subset__pooled/ridge_affine/matrix_f.csv
px4,feature_mapped_linear | window_summary_response | lasso_affine | pooled,state_continuation,medium,0.31003543634426745,0.6521765267709219,0.17647058823529413,generalized_supported peer outside the primary anchor board; keep as corroborating structure only,/mnt/nvme/autopilot_lab/artifacts/studies/20260414_064902_formal_v2_in_depth_analysis/tables/stable_core_matrix_readout.csv; /mnt/nvme/autopilot_lab/artifacts/studies/20260410_224818_px4_real_generalization_ablation/fits/feature_mapped_linear__window_summary_response__pooled/lasso_affine/matrix_f.csv; /mnt/nvme/autopilot_lab/artifacts/studies/20260411_021910_px4_generalization_diagnostic_matrix/fits/feature_mapped_linear__window_summary_response__pooled/lasso_affine/matrix_f.csv
px4,feature_mapped_linear | window_summary_response | ols_affine | pooled,state_continuation,medium,0.5207148958554019,0.348692133346761,0.1111111111111111,generalized_supported peer outside the primary anchor board; keep as corroborating structure only,/mnt/nvme/autopilot_lab/artifacts/studies/20260414_064902_formal_v2_in_depth_analysis/tables/stable_core_matrix_readout.csv; /mnt/nvme/autopilot_lab/artifacts/studies/20260410_224818_px4_real_generalization_ablation/fits/feature_mapped_linear__window_summary_response__pooled/ols_affine/matrix_f.csv; /mnt/nvme/autopilot_lab/artifacts/studies/20260411_021910_px4_generalization_diagnostic_matrix/fits/feature_mapped_linear__window_summary_response__pooled/ols_affine/matrix_f.csv
px4,feature_mapped_linear | window_summary_response | ridge_affine | pooled,state_continuation,medium,0.22258134642055788,0.7646071220347919,0.17647058823529413,generalized_supported peer outside the primary anchor board; keep as corroborating structure only,/mnt/nvme/autopilot_lab/artifacts/studies/20260414_064902_formal_v2_in_depth_analysis/tables/stable_core_matrix_readout.csv; /mnt/nvme/autopilot_lab/artifacts/studies/20260410_224818_px4_real_generalization_ablation/fits/feature_mapped_linear__window_summary_response__pooled/ridge_affine/matrix_f.csv; /mnt/nvme/autopilot_lab/artifacts/studies/20260411_021910_px4_generalization_diagnostic_matrix/fits/feature_mapped_linear__window_summary_response__pooled/ridge_affine/matrix_f.csv
px4,full_augmented | future_state_horizon | lasso_affine | pooled,state_continuation,medium,0.061031947519680434,0.8105081656402735,0.3333333333333333,generalized_supported peer outside the primary anchor board; keep as corroborating structure only,/mnt/nvme/autopilot_lab/artifacts/studies/20260414_064902_formal_v2_in_depth_analysis/tables/stable_core_matrix_readout.csv; /mnt/nvme/autopilot_lab/artifacts/studies/20260410_224818_px4_real_generalization_ablation/fits/full_augmented__future_state_horizon__pooled/lasso_affine/matrix_f.csv; /mnt/nvme/autopilot_lab/artifacts/studies/20260411_021910_px4_generalization_diagnostic_matrix/fits/full_augmented__future_state_horizon__pooled/lasso_affine/matrix_f.csv
px4,full_augmented | future_state_horizon | ols_affine | pooled,state_continuation,medium,0.03204451274684175,0.8001901153920955,0.25,generalized_supported peer outside the primary anchor board; keep as corroborating structure only,/mnt/nvme/autopilot_lab/artifacts/studies/20260414_064902_formal_v2_in_depth_analysis/tables/stable_core_matrix_readout.csv; /mnt/nvme/autopilot_lab/artifacts/studies/20260410_224818_px4_real_generalization_ablation/fits/full_augmented__future_state_horizon__pooled/ols_affine/matrix_f.csv; /mnt/nvme/autopilot_lab/artifacts/studies/20260411_021910_px4_generalization_diagnostic_matrix/fits/full_augmented__future_state_horizon__pooled/ols_affine/matrix_f.csv
px4,full_augmented | future_state_horizon | ols_affine | stratified,state_continuation,medium,0.03452912714981756,0.8330233547946215,0.17647058823529413,generalized_supported peer outside the primary anchor board; keep as corroborating structure only,/mnt/nvme/autopilot_lab/artifacts/studies/20260414_064902_formal_v2_in_depth_analysis/tables/stable_core_matrix_readout.csv; /mnt/nvme/autopilot_lab/artifacts/studies/20260410_224818_px4_real_generalization_ablation/fits/full_augmented__future_state_horizon__stratified/ols_affine/matrix_f.csv; /mnt/nvme/autopilot_lab/artifacts/studies/20260411_021910_px4_generalization_diagnostic_matrix/fits/full_augmented__future_state_horizon__stratified/ols_affine/matrix_f.csv
px4,full_augmented | future_state_horizon | ridge_affine | pooled,state_continuation,medium,0.04017396381722373,0.8087554064311967,0.6666666666666666,generalized_supported peer outside the primary anchor board; keep as corroborating structure only,/mnt/nvme/autopilot_lab/artifacts/studies/20260414_064902_formal_v2_in_depth_analysis/tables/stable_core_matrix_readout.csv; /mnt/nvme/autopilot_lab/artifacts/studies/20260410_224818_px4_real_generalization_ablation/fits/full_augmented__future_state_horizon__pooled/ridge_affine/matrix_f.csv; /mnt/nvme/autopilot_lab/artifacts/studies/20260411_021910_px4_generalization_diagnostic_matrix/fits/full_augmented__future_state_horizon__pooled/ridge_affine/matrix_f.csv
px4,full_augmented | future_state_horizon | ridge_affine | stratified,state_continuation,medium,0.06361639948726013,0.8594689329934759,0.3333333333333333,generalized_supported peer outside the primary anchor board; keep as corroborating structure only,/mnt/nvme/autopilot_lab/artifacts/studies/20260414_064902_formal_v2_in_depth_analysis/tables/stable_core_matrix_readout.csv; /mnt/nvme/autopilot_lab/artifacts/studies/20260410_224818_px4_real_generalization_ablation/fits/full_augmented__future_state_horizon__stratified/ridge_affine/matrix_f.csv; /mnt/nvme/autopilot_lab/artifacts/studies/20260411_021910_px4_generalization_diagnostic_matrix/fits/full_augmented__future_state_horizon__stratified/ridge_affine/matrix_f.csv
px4,full_augmented | next_raw_state | lasso_affine | pooled,state_continuation,medium,0.0767851748968781,0.8446206159314094,0.25,generalized_supported peer outside the primary anchor board; keep as corroborating structure only,/mnt/nvme/autopilot_lab/artifacts/studies/20260414_064902_formal_v2_in_depth_analysis/tables/stable_core_matrix_readout.csv; /mnt/nvme/autopilot_lab/artifacts/studies/20260410_224818_px4_real_generalization_ablation/fits/full_augmented__next_raw_state__pooled/lasso_affine/matrix_f.csv; /mnt/nvme/autopilot_lab/artifacts/studies/20260411_021910_px4_generalization_diagnostic_matrix/fits/full_augmented__next_raw_state__pooled/lasso_affine/matrix_f.csv
px4,full_augmented | next_raw_state | lasso_affine | stratified,state_continuation,medium,0.1229676624497009,0.8402460088254692,0.0,generalized_supported peer outside the primary anchor board; keep as corroborating structure only,/mnt/nvme/autopilot_lab/artifacts/studies/20260414_064902_formal_v2_in_depth_analysis/tables/stable_core_matrix_readout.csv; /mnt/nvme/autopilot_lab/artifacts/studies/20260410_224818_px4_real_generalization_ablation/fits/full_augmented__next_raw_state__stratified/lasso_affine/matrix_f.csv; /mnt/nvme/autopilot_lab/artifacts/studies/20260411_021910_px4_generalization_diagnostic_matrix/fits/full_augmented__next_raw_state__stratified/lasso_affine/matrix_f.csv
px4,full_augmented | next_raw_state | ols_affine | pooled,state_continuation,medium,0.029471464799251685,0.8803606416294598,0.25,generalized_supported peer outside the primary anchor board; keep as corroborating structure only,/mnt/nvme/autopilot_lab/artifacts/studies/20260414_064902_formal_v2_in_depth_analysis/tables/stable_core_matrix_readout.csv; /mnt/nvme/autopilot_lab/artifacts/studies/20260410_224818_px4_real_generalization_ablation/fits/full_augmented__next_raw_state__pooled/ols_affine/matrix_f.csv; /mnt/nvme/autopilot_lab/artifacts/studies/20260411_021910_px4_generalization_diagnostic_matrix/fits/full_augmented__next_raw_state__pooled/ols_affine/matrix_f.csv
px4,full_augmented | next_raw_state | ridge_affine | pooled,state_continuation,medium,0.03523562269476089,0.8705135111714611,0.6666666666666666,generalized_supported peer outside the primary anchor board; keep as corroborating structure only,/mnt/nvme/autopilot_lab/artifacts/studies/20260414_064902_formal_v2_in_depth_analysis/tables/stable_core_matrix_readout.csv; /mnt/nvme/autopilot_lab/artifacts/studies/20260410_224818_px4_real_generalization_ablation/fits/full_augmented__next_raw_state__pooled/ridge_affine/matrix_f.csv; /mnt/nvme/autopilot_lab/artifacts/studies/20260411_021910_px4_generalization_diagnostic_matrix/fits/full_augmented__next_raw_state__pooled/ridge_affine/matrix_f.csv
px4,full_augmented | next_raw_state | ridge_affine | stratified,state_continuation,medium,0.05830177011429786,0.8726456505299043,0.3333333333333333,generalized_supported peer outside the primary anchor board; keep as corroborating structure only,/mnt/nvme/autopilot_lab/artifacts/studies/20260414_064902_formal_v2_in_depth_analysis/tables/stable_core_matrix_readout.csv; /mnt/nvme/autopilot_lab/artifacts/studies/20260410_224818_px4_real_generalization_ablation/fits/full_augmented__next_raw_state__stratified/ridge_affine/matrix_f.csv; /mnt/nvme/autopilot_lab/artifacts/studies/20260411_021910_px4_generalization_diagnostic_matrix/fits/full_augmented__next_raw_state__stratified/ridge_affine/matrix_f.csv
px4,full_augmented | selected_state_subset | lasso_affine | pooled,state_continuation,medium,0.06280701777374059,0.794487996911606,0.42857142857142855,generalized_supported peer outside the primary anchor board; keep as corroborating structure only,/mnt/nvme/autopilot_lab/artifacts/studies/20260414_064902_formal_v2_in_depth_analysis/tables/stable_core_matrix_readout.csv; /mnt/nvme/autopilot_lab/artifacts/studies/20260410_224818_px4_real_generalization_ablation/fits/full_augmented__selected_state_subset__pooled/lasso_affine/matrix_f.csv; /mnt/nvme/autopilot_lab/artifacts/studies/20260411_021910_px4_generalization_diagnostic_matrix/fits/full_augmented__selected_state_subset__pooled/lasso_affine/matrix_f.csv
px4,full_augmented | selected_state_subset | ols_affine | pooled,state_continuation,medium,0.03308903950214986,0.8085972801072361,0.3333333333333333,generalized_supported peer outside the primary anchor board; keep as corroborating structure only,/mnt/nvme/autopilot_lab/artifacts/studies/20260414_064902_formal_v2_in_depth_analysis/tables/stable_core_matrix_readout.csv; /mnt/nvme/autopilot_lab/artifacts/studies/20260410_224818_px4_real_generalization_ablation/fits/full_augmented__selected_state_subset__pooled/ols_affine/matrix_f.csv; /mnt/nvme/autopilot_lab/artifacts/studies/20260411_021910_px4_generalization_diagnostic_matrix/fits/full_augmented__selected_state_subset__pooled/ols_affine/matrix_f.csv
px4,full_augmented | selected_state_subset | ols_affine | stratified,state_continuation,medium,0.035349117851550114,0.8479201268767764,0.17647058823529413,generalized_supported peer outside the primary anchor board; keep as corroborating structure only,/mnt/nvme/autopilot_lab/artifacts/studies/20260414_064902_formal_v2_in_depth_analysis/tables/stable_core_matrix_readout.csv; /mnt/nvme/autopilot_lab/artifacts/studies/20260410_224818_px4_real_generalization_ablation/fits/full_augmented__selected_state_subset__stratified/ols_affine/matrix_f.csv; /mnt/nvme/autopilot_lab/artifacts/studies/20260411_021910_px4_generalization_diagnostic_matrix/fits/full_augmented__selected_state_subset__stratified/ols_affine/matrix_f.csv
px4,full_augmented | selected_state_subset | ridge_affine | pooled,state_continuation,medium,0.04082004804039111,0.8052802478930012,0.42857142857142855,generalized_supported peer outside the primary anchor board; keep as corroborating structure only,/mnt/nvme/autopilot_lab/artifacts/studies/20260414_064902_formal_v2_in_depth_analysis/tables/stable_core_matrix_readout.csv; /mnt/nvme/autopilot_lab/artifacts/studies/20260410_224818_px4_real_generalization_ablation/fits/full_augmented__selected_state_subset__pooled/ridge_affine/matrix_f.csv; /mnt/nvme/autopilot_lab/artifacts/studies/20260411_021910_px4_generalization_diagnostic_matrix/fits/full_augmented__selected_state_subset__pooled/ridge_affine/matrix_f.csv
px4,full_augmented | selected_state_subset | ridge_affine | stratified,state_continuation,medium,0.06538477124677476,0.8546943450513563,0.5384615384615384,generalized_supported peer outside the primary anchor board; keep as corroborating structure only,/mnt/nvme/autopilot_lab/artifacts/studies/20260414_064902_formal_v2_in_depth_analysis/tables/stable_core_matrix_readout.csv; /mnt/nvme/autopilot_lab/artifacts/studies/20260410_224818_px4_real_generalization_ablation/fits/full_augmented__selected_state_subset__stratified/ridge_affine/matrix_f.csv; /mnt/nvme/autopilot_lab/artifacts/studies/20260411_021910_px4_generalization_diagnostic_matrix/fits/full_augmented__selected_state_subset__stratified/ridge_affine/matrix_f.csv
px4,full_augmented | window_summary_response | lasso_affine | pooled,state_continuation,medium,0.05204938637822737,0.6844872331469602,0.3333333333333333,generalized_supported peer outside the primary anchor board; keep as corroborating structure only,/mnt/nvme/autopilot_lab/artifacts/studies/20260414_064902_formal_v2_in_depth_analysis/tables/stable_core_matrix_readout.csv; /mnt/nvme/autopilot_lab/artifacts/studies/20260410_224818_px4_real_generalization_ablation/fits/full_augmented__window_summary_response__pooled/lasso_affine/matrix_f.csv; /mnt/nvme/autopilot_lab/artifacts/studies/20260411_021910_px4_generalization_diagnostic_matrix/fits/full_augmented__window_summary_response__pooled/lasso_affine/matrix_f.csv
px4,full_augmented | window_summary_response | ols_affine | pooled,state_continuation,medium,0.029619353165334015,0.7693132891721255,0.42857142857142855,generalized_supported peer outside the primary anchor board; keep as corroborating structure only,/mnt/nvme/autopilot_lab/artifacts/studies/20260414_064902_formal_v2_in_depth_analysis/tables/stable_core_matrix_readout.csv; /mnt/nvme/autopilot_lab/artifacts/studies/20260410_224818_px4_real_generalization_ablation/fits/full_augmented__window_summary_response__pooled/ols_affine/matrix_f.csv; /mnt/nvme/autopilot_lab/artifacts/studies/20260411_021910_px4_generalization_diagnostic_matrix/fits/full_augmented__window_summary_response__pooled/ols_affine/matrix_f.csv
px4,full_augmented | window_summary_response | ridge_affine | pooled,state_continuation,medium,0.035168369064674215,0.7374350317619278,0.42857142857142855,generalized_supported peer outside the primary anchor board; keep as corroborating structure only,/mnt/nvme/autopilot_lab/artifacts/studies/20260414_064902_formal_v2_in_depth_analysis/tables/stable_core_matrix_readout.csv; /mnt/nvme/autopilot_lab/artifacts/studies/20260410_224818_px4_real_generalization_ablation/fits/full_augmented__window_summary_response__pooled/ridge_affine/matrix_f.csv; /mnt/nvme/autopilot_lab/artifacts/studies/20260411_021910_px4_generalization_diagnostic_matrix/fits/full_augmented__window_summary_response__pooled/ridge_affine/matrix_f.csv
px4,pooled_backend_mode_augmented | future_state_horizon | lasso_affine | pooled,state_continuation,medium,0.15733230329432887,0.7827147978814847,0.8181818181818182,generalized_supported peer outside the primary anchor board; keep as corroborating structure only,/mnt/nvme/autopilot_lab/artifacts/studies/20260414_064902_formal_v2_in_depth_analysis/tables/stable_core_matrix_readout.csv; /mnt/nvme/autopilot_lab/artifacts/studies/20260410_224818_px4_real_generalization_ablation/fits/pooled_backend_mode_augmented__future_state_horizon__pooled/lasso_affine/matrix_f.csv; /mnt/nvme/autopilot_lab/artifacts/studies/20260411_021910_px4_generalization_diagnostic_matrix/fits/pooled_backend_mode_augmented__future_state_horizon__pooled/lasso_affine/matrix_f.csv
px4,pooled_backend_mode_augmented | future_state_horizon | ols_affine | pooled,state_continuation,medium,0.06390113524749393,0.9189040608407044,0.8181818181818182,generalized_supported peer outside the primary anchor board; keep as corroborating structure only,/mnt/nvme/autopilot_lab/artifacts/studies/20260414_064902_formal_v2_in_depth_analysis/tables/stable_core_matrix_readout.csv; /mnt/nvme/autopilot_lab/artifacts/studies/20260410_224818_px4_real_generalization_ablation/fits/pooled_backend_mode_augmented__future_state_horizon__pooled/ols_affine/matrix_f.csv; /mnt/nvme/autopilot_lab/artifacts/studies/20260411_021910_px4_generalization_diagnostic_matrix/fits/pooled_backend_mode_augmented__future_state_horizon__pooled/ols_affine/matrix_f.csv
px4,pooled_backend_mode_augmented | future_state_horizon | ridge_affine | pooled,state_continuation,medium,0.13346118027089693,0.8304353584169044,0.6666666666666666,generalized_supported peer outside the primary anchor board; keep as corroborating structure only,/mnt/nvme/autopilot_lab/artifacts/studies/20260414_064902_formal_v2_in_depth_analysis/tables/stable_core_matrix_readout.csv; /mnt/nvme/autopilot_lab/artifacts/studies/20260410_224818_px4_real_generalization_ablation/fits/pooled_backend_mode_augmented__future_state_horizon__pooled/ridge_affine/matrix_f.csv; /mnt/nvme/autopilot_lab/artifacts/studies/20260411_021910_px4_generalization_diagnostic_matrix/fits/pooled_backend_mode_augmented__future_state_horizon__pooled/ridge_affine/matrix_f.csv
px4,pooled_backend_mode_augmented | next_raw_state | lasso_affine | pooled,state_continuation,medium,0.14166918846114288,0.7905023538921265,0.8181818181818182,generalized_supported peer outside the primary anchor board; keep as corroborating structure only,/mnt/nvme/autopilot_lab/artifacts/studies/20260414_064902_formal_v2_in_depth_analysis/tables/stable_core_matrix_readout.csv; /mnt/nvme/autopilot_lab/artifacts/studies/20260410_224818_px4_real_generalization_ablation/fits/pooled_backend_mode_augmented__next_raw_state__pooled/lasso_affine/matrix_f.csv; /mnt/nvme/autopilot_lab/artifacts/studies/20260411_021910_px4_generalization_diagnostic_matrix/fits/pooled_backend_mode_augmented__next_raw_state__pooled/lasso_affine/matrix_f.csv
px4,pooled_backend_mode_augmented | next_raw_state | lasso_affine | stratified,state_continuation,medium,0.16668800696589972,0.8333119930341003,0.5384615384615384,generalized_supported peer outside the primary anchor board; keep as corroborating structure only,/mnt/nvme/autopilot_lab/artifacts/studies/20260414_064902_formal_v2_in_depth_analysis/tables/stable_core_matrix_readout.csv; /mnt/nvme/autopilot_lab/artifacts/studies/20260410_224818_px4_real_generalization_ablation/fits/pooled_backend_mode_augmented__next_raw_state__stratified/lasso_affine/matrix_f.csv; /mnt/nvme/autopilot_lab/artifacts/studies/20260411_021910_px4_generalization_diagnostic_matrix/fits/pooled_backend_mode_augmented__next_raw_state__stratified/lasso_affine/matrix_f.csv
px4,pooled_backend_mode_augmented | next_raw_state | ols_affine | pooled,state_continuation,medium,0.05966547965995538,0.9179289717261031,1.0,generalized_supported peer outside the primary anchor board; keep as corroborating structure only,/mnt/nvme/autopilot_lab/artifacts/studies/20260414_064902_formal_v2_in_depth_analysis/tables/stable_core_matrix_readout.csv; /mnt/nvme/autopilot_lab/artifacts/studies/20260410_224818_px4_real_generalization_ablation/fits/pooled_backend_mode_augmented__next_raw_state__pooled/ols_affine/matrix_f.csv; /mnt/nvme/autopilot_lab/artifacts/studies/20260411_021910_px4_generalization_diagnostic_matrix/fits/pooled_backend_mode_augmented__next_raw_state__pooled/ols_affine/matrix_f.csv
px4,pooled_backend_mode_augmented | next_raw_state | ols_affine | stratified,state_continuation,medium,0.07904445928417388,0.9209555407158261,0.25,generalized_supported peer outside the primary anchor board; keep as corroborating structure only,/mnt/nvme/autopilot_lab/artifacts/studies/20260414_064902_formal_v2_in_depth_analysis/tables/stable_core_matrix_readout.csv; /mnt/nvme/autopilot_lab/artifacts/studies/20260410_224818_px4_real_generalization_ablation/fits/pooled_backend_mode_augmented__next_raw_state__stratified/ols_affine/matrix_f.csv; /mnt/nvme/autopilot_lab/artifacts/studies/20260411_021910_px4_generalization_diagnostic_matrix/fits/pooled_backend_mode_augmented__next_raw_state__stratified/ols_affine/matrix_f.csv
px4,pooled_backend_mode_augmented | next_raw_state | ridge_affine | pooled,state_continuation,medium,0.128732421702358,0.8235914386408358,0.8181818181818182,generalized_supported peer outside the primary anchor board; keep as corroborating structure only,/mnt/nvme/autopilot_lab/artifacts/studies/20260414_064902_formal_v2_in_depth_analysis/tables/stable_core_matrix_readout.csv; /mnt/nvme/autopilot_lab/artifacts/studies/20260410_224818_px4_real_generalization_ablation/fits/pooled_backend_mode_augmented__next_raw_state__pooled/ridge_affine/matrix_f.csv; /mnt/nvme/autopilot_lab/artifacts/studies/20260411_021910_px4_generalization_diagnostic_matrix/fits/pooled_backend_mode_augmented__next_raw_state__pooled/ridge_affine/matrix_f.csv
px4,pooled_backend_mode_augmented | next_raw_state | ridge_affine | stratified,state_continuation,medium,0.22766359645388895,0.7723364035461112,0.42857142857142855,generalized_supported peer outside the primary anchor board; keep as corroborating structure only,/mnt/nvme/autopilot_lab/artifacts/studies/20260414_064902_formal_v2_in_depth_analysis/tables/stable_core_matrix_readout.csv; /mnt/nvme/autopilot_lab/artifacts/studies/20260410_224818_px4_real_generalization_ablation/fits/pooled_backend_mode_augmented__next_raw_state__stratified/ridge_affine/matrix_f.csv; /mnt/nvme/autopilot_lab/artifacts/studies/20260411_021910_px4_generalization_diagnostic_matrix/fits/pooled_backend_mode_augmented__next_raw_state__stratified/ridge_affine/matrix_f.csv
px4,pooled_backend_mode_augmented | selected_state_subset | lasso_affine | pooled,state_continuation,medium,0.17308704400378133,0.7687641010593297,1.0,generalized_supported peer outside the primary anchor board; keep as corroborating structure only,/mnt/nvme/autopilot_lab/artifacts/studies/20260414_064902_formal_v2_in_depth_analysis/tables/stable_core_matrix_readout.csv; /mnt/nvme/autopilot_lab/artifacts/studies/20260410_224818_px4_real_generalization_ablation/fits/pooled_backend_mode_augmented__selected_state_subset__pooled/lasso_affine/matrix_f.csv; /mnt/nvme/autopilot_lab/artifacts/studies/20260411_021910_px4_generalization_diagnostic_matrix/fits/pooled_backend_mode_augmented__selected_state_subset__pooled/lasso_affine/matrix_f.csv
px4,pooled_backend_mode_augmented | selected_state_subset | ols_affine | pooled,state_continuation,medium,0.06923021788470854,0.9118527277011825,0.8181818181818182,generalized_supported peer outside the primary anchor board; keep as corroborating structure only,/mnt/nvme/autopilot_lab/artifacts/studies/20260414_064902_formal_v2_in_depth_analysis/tables/stable_core_matrix_readout.csv; /mnt/nvme/autopilot_lab/artifacts/studies/20260410_224818_px4_real_generalization_ablation/fits/pooled_backend_mode_augmented__selected_state_subset__pooled/ols_affine/matrix_f.csv; /mnt/nvme/autopilot_lab/artifacts/studies/20260411_021910_px4_generalization_diagnostic_matrix/fits/pooled_backend_mode_augmented__selected_state_subset__pooled/ols_affine/matrix_f.csv
px4,pooled_backend_mode_augmented | selected_state_subset | ridge_affine | pooled,state_continuation,medium,0.16058717862040944,0.7953617481492182,0.6666666666666666,generalized_supported peer outside the primary anchor board; keep as corroborating structure only,/mnt/nvme/autopilot_lab/artifacts/studies/20260414_064902_formal_v2_in_depth_analysis/tables/stable_core_matrix_readout.csv; /mnt/nvme/autopilot_lab/artifacts/studies/20260410_224818_px4_real_generalization_ablation/fits/pooled_backend_mode_augmented__selected_state_subset__pooled/ridge_affine/matrix_f.csv; /mnt/nvme/autopilot_lab/artifacts/studies/20260411_021910_px4_generalization_diagnostic_matrix/fits/pooled_backend_mode_augmented__selected_state_subset__pooled/ridge_affine/matrix_f.csv
px4,pooled_backend_mode_augmented | window_summary_response | lasso_affine | pooled,state_continuation,medium,0.18473514743954242,0.7450601832098515,0.6666666666666666,generalized_supported peer outside the primary anchor board; keep as corroborating structure only,/mnt/nvme/autopilot_lab/artifacts/studies/20260414_064902_formal_v2_in_depth_analysis/tables/stable_core_matrix_readout.csv; /mnt/nvme/autopilot_lab/artifacts/studies/20260410_224818_px4_real_generalization_ablation/fits/pooled_backend_mode_augmented__window_summary_response__pooled/lasso_affine/matrix_f.csv; /mnt/nvme/autopilot_lab/artifacts/studies/20260411_021910_px4_generalization_diagnostic_matrix/fits/pooled_backend_mode_augmented__window_summary_response__pooled/lasso_affine/matrix_f.csv
px4,pooled_backend_mode_augmented | window_summary_response | ols_affine | pooled,state_continuation,medium,0.0787707821788837,0.8919841270701863,0.5384615384615384,generalized_supported peer outside the primary anchor board; keep as corroborating structure only,/mnt/nvme/autopilot_lab/artifacts/studies/20260414_064902_formal_v2_in_depth_analysis/tables/stable_core_matrix_readout.csv; /mnt/nvme/autopilot_lab/artifacts/studies/20260410_224818_px4_real_generalization_ablation/fits/pooled_backend_mode_augmented__window_summary_response__pooled/ols_affine/matrix_f.csv; /mnt/nvme/autopilot_lab/artifacts/studies/20260411_021910_px4_generalization_diagnostic_matrix/fits/pooled_backend_mode_augmented__window_summary_response__pooled/ols_affine/matrix_f.csv
px4,pooled_backend_mode_augmented | window_summary_response | ridge_affine | pooled,state_continuation,medium,0.18479310347451813,0.7487216293145021,0.6666666666666666,generalized_supported peer outside the primary anchor board; keep as corroborating structure only,/mnt/nvme/autopilot_lab/artifacts/studies/20260414_064902_formal_v2_in_depth_analysis/tables/stable_core_matrix_readout.csv; /mnt/nvme/autopilot_lab/artifacts/studies/20260410_224818_px4_real_generalization_ablation/fits/pooled_backend_mode_augmented__window_summary_response__pooled/ridge_affine/matrix_f.csv; /mnt/nvme/autopilot_lab/artifacts/studies/20260411_021910_px4_generalization_diagnostic_matrix/fits/pooled_backend_mode_augmented__window_summary_response__pooled/ridge_affine/matrix_f.csv
